{"RuleTriggered": 0, "Violations": 0, "Details": {"Network": {"algo-1": {"max": 88485041.93, "p99": 139.48, "p95": 0, "p50": 0, "min": 0}}, "GPU": {"algo-1": {"max": 100.0, "p99": 100.0, "p95": 79.0, "p50": 0, "min": 0}}, "CPU": {"algo-1": {"max": 100.0, "p99": 98.96, "p95": 94.32, "p50": 70.46, "min": 28.88}}, "CPU memory": {"algo-1": {"max": 32.91, "p99": 29.46, "p95": 25.31, "p50": 23.0, "min": 7.02}}, "GPU memory": {"algo-1": {"max": 100.0, "p99": 96.32, "p95": 74.0, "p50": 0, "min": 0}}, "I/O": {"algo-1": {"max": 57.36, "p99": 45.34, "p95": 28.27, "p50": 0.49, "min": 0}}}, "Datapoints": 968, "RuleParameters": ""}